"Codon","X","AA","fraction","frequency.perThousand.","number","genomicAAFreq","genomicCodonFreq","Amino_Acid","tRNA","tRNA_genomic_copy_number","tAI","trnaGenCopyAA","CodonAA"
"CUA",19,"L",0.07,7.2,290751,0.02794262,0.00715033295229506,"Leu","TAG",3,0.091724,39,"L_CUA"
"AGU",45,"S",0.15,12.1,493429,0.022626183,0.0121347188429894,"Ser","ACT",0,0.144254,28,"S_AGU"
"GUA",51,"V",0.12,7.1,287712,0.016930394,0.00707559593731652,"Val","TAC",5,0.152845,32,"V_GUA"
"UCA",7,"S",0.15,12.2,496448,0.022626183,0.0122089640052862,"Ser","TGA",5,0.152845,28,"S_UCA"
"AUA",35,"I",0.17,7.5,304565,0.0123583,0.00749005559951899,"Ile","TAT",5,0.152855,27,"I_AUA"
"CGC",30,"R",0.18,10.4,423516,0.015808951,0.0104153740163377,"Arg","GCG",0,0.154034,29,"R_CGC"
"UCG",8,"S",0.05,4.4,179419,0.022626183,0.0044123858145555,"Ser","CGA",4,0.171149,28,"S_UCG"
"AGA",47,"R",0.21,12.2,494682,0.015808951,0.0121655334134955,"Arg","TCT",6,0.183374,29,"R_AGA"
"CGA",31,"R",0.11,6.2,250760,0.015808951,0.00616684892267786,"Arg","TCG",6,0.183395,29,"R_CGA"
"ACA",39,"T",0.28,15.1,614523,0.014833933,0.0151127392746481,"Thr","TGT",6,0.183405,22,"T_ACA"
"CCG",24,"P",0.11,6.9,281570,0.017063958,0.00692454797877813,"Pro","CGG",4,0.190709,21,"P_CCG"
"CAU",25,"H",0.42,10.9,441711,0.007240198,0.0108628369934797,"His","ATG",0,0.19835,11,"H_CAU"
"AGG",48,"R",0.21,12,486463,0.015808951,0.0119634065539665,"Arg","CCT",5,0.211491,29,"R_AGG"
"CGG",32,"R",0.2,11.4,464485,0.015808951,0.0114229096420881,"Arg","CCG",5,0.211491,29,"R_CGG"
"CGU",29,"R",0.08,4.5,184609,0.015808951,0.00454002158544679,"Arg","ACG",7,0.213936,29,"R_CGU"
"UUA",3,"L",0.08,7.7,311881,0.02794262,0.00766997531047094,"Leu","TAA",7,0.213936,39,"L_UUA"
"CCA",23,"P",0.28,16.9,688038,0.017063958,0.0169206667692671,"Pro","TGG",7,0.213967,21,"P_CCA"
"UUU",1,"F",0.46,17.6,714298,0.010557456,0.0175664693402893,"Phe","AAA",0,0.216381,12,"F_UUU"
"ACC",38,"T",0.36,18.9,768147,0.014833933,0.0188907580930301,"Thr","GGT",0,0.220049,22,"T_ACC"
"CCC",22,"P",0.32,19.8,804620,0.017063958,0.019787725235943,"Pro","GGG",0,0.220049,21,"P_CCC"
"GCG",56,"A",0.11,7.4,299495,0.019350256,0.00736537094471768,"Ala","CGC",5,0.240831,43,"A_GCG"
"ACG",40,"T",0.11,6.1,246105,0.014833933,0.00605237021102103,"Thr","CGT",6,0.242054,22,"T_ACG"
"GUC",50,"V",0.24,14.5,588138,0.016930394,0.0144638626243656,"Val","GAC",0,0.242054,32,"V_GUC"
"UCC",6,"S",0.22,17.7,718892,0.022626183,0.0176794479012671,"Ser","GGA",0,0.242054,28,"S_UCC"
"AGC",46,"S",0.24,19.5,791383,0.022626183,0.019462192538585,"Ser","GCT",8,0.244499,28,"S_AGC"
"CUC",18,"L",0.2,19.6,796638,0.02794262,0.0195914268306917,"Leu","GAG",0,0.264059,39,"L_CUC"
"GGU",61,"G",0.16,10.8,437126,0.018387052,0.0107500797662086,"Gly","ACC",0,0.270477,31,"G_GGU"
"GGA",63,"G",0.25,16.5,669873,0.018387052,0.0164739415711476,"Gly","TCC",9,0.275061,31,"G_GGA"
"UGG",16,"W",1,13.2,535595,0.003674177,0.0131716918517373,"Trp","CCA",9,0.275061,9,"W_UGG"
"GCA",55,"A",0.23,15.8,643471,0.019350256,0.0158246468460857,"Ala","TGC",9,0.27515,43,"A_GCA"
"UUG",4,"L",0.13,12.9,525688,0.02794262,0.012928052625876,"Leu","CAA",7,0.282396,39,"L_UUG"
"UAU",9,"Y",0.44,12.2,495699,0.007670196,0.012190544122358,"Tyr","ATA",1,0.283007,15,"Y_UAU"
"GGG",64,"G",0.25,16.5,669768,0.018387052,0.0164713593445689,"Gly","CCC",7,0.301956,31,"G_GGG"
"ACU",37,"T",0.25,13.1,533609,0.014833933,0.0131228508804483,"Thr","AGT",10,0.305623,22,"T_ACU"
"CCU",21,"P",0.29,17.5,713233,0.017063958,0.0175402781849908,"Pro","AGG",10,0.305623,21,"P_CCU"
"CUG",20,"L",0.4,39.6,1611801,0.02794262,0.0396384322077727,"Leu","CAG",10,0.334963,39,"L_CUG"
"CAA",27,"Q",0.27,12.3,501911,0.012992026,0.0123433135652822,"Gln","TTG",11,0.336186,32,"Q_CAA"
"CAC",26,"H",0.58,15.1,613713,0.007240198,0.0150928192410408,"His","GTG",11,0.336186,11,"H_CAC"
"GUU",49,"V",0.18,11,448607,0.016930394,0.0110324277981167,"Val","AAC",11,0.336186,32,"V_GUU"
"UCU",5,"S",0.19,15.2,618711,0.022626183,0.0152157332261881,"Ser","AGA",11,0.336186,28,"S_UCU"
"GAU",57,"D",0.46,21.8,885429,0.013075306,0.0217750314035641,"Asp","ATC",0,0.342604,19,"D_GAU"
"CUU",17,"L",0.13,13.2,536515,0.02794262,0.0131943170750938,"Leu","AAG",12,0.366748,39,"L_CUU"
"UUC",2,"F",0.54,20.3,824692,0.010557456,0.0202813485872589,"Phe","GAA",12,0.366748,12,"F_UUC"
"GAA",59,"E",0.42,29,1177632,0.019122957,0.0289610728605478,"Glu","TTC",13,0.397311,26,"E_GAA"
"UAC",10,"Y",0.56,15.3,622407,0.007670196,0.0153066276017593,"Tyr","GTA",14,0.449878,15,"Y_UAC"
"GGC",62,"G",0.34,22.2,903565,0.018387052,0.0222210434152952,"Gly","GCC",15,0.458435,31,"G_GGC"
"AAA",43,"K",0.43,24.4,993621,0.015703814,0.0244357576702827,"Lys","TTT",17,0.519563,34,"K_AAA"
"GAG",60,"E",0.58,39.6,1609975,0.019122957,0.039593526057937,"Glu","CTC",13,0.52445,26,"E_GAG"
"GUG",52,"V",0.46,28.1,1143534,0.016930394,0.0281225132235823,"Val","CAC",16,0.537897,32,"V_GUG"
"UGU",13,"C",0.46,10.6,430311,0.006471296,0.0105824809649323,"Cys","ACA",0,0.540954,30,"C_UGU"
"AUC",34,"I",0.47,20.8,846466,0.0123583,0.0208168286017843,"Ile","GAT",8,0.552567,27,"I_AUC"
"AUU",33,"I",0.36,16,650473,0.0123583,0.0159968444699355,"Ile","AAT",14,0.572127,27,"I_AUU"
"GAC",58,"D",0.54,25.1,1020595,0.013075306,0.0250991193820402,"Asp","GTC",19,0.580685,19,"D_GAC"
"AAU",41,"N",0.47,17,689701,0.010058831,0.0169615643197473,"Asn","ATT",1,0.607579,33,"N_AAU"
"AUG",36,"M",1,22,896005,0.006146586,0.0220351231016269,"Met","CAT",20,0.611247,20,"M_AUG"
"GCC",54,"A",0.4,27.7,1127679,0.019350256,0.0277325970101948,"Ala","GGC",0,0.638142,43,"A_GCC"
"AAG",44,"K",0.57,31.9,1295568,0.015703814,0.0318614297537722,"Lys","CTT",17,0.685819,34,"K_AAG"
"CAG",28,"Q",0.73,34.2,1391973,0.012992026,0.0342322826425533,"Gln","CTG",21,0.749389,32,"Q_CAG"
"GCU",53,"A",0.27,18.4,750096,0.019350256,0.0184468364551961,"Ala","AGC",29,0.886308,43,"A_GCU"
"UGC",14,"C",0.54,12.6,513028,0.006471296,0.012616709878384,"Cys","GCA",30,0.91687,30,"C_UGC"
"AAC",42,"N",0.53,19.1,776603,0.010058831,0.0190987134068368,"Asn","GTT",32,1,33,"N_AAC"
